X,CountryCode,PottingerReg,PottingerRegionName
Afghanistan,AFG,row,Majority World (MW)
Aland Islands,ALA,row,Majority World (MW)
Albania,ALB,row,Majority World (MW)
Algeria,DZA,row,Majority World (MW)
American Samoa,ASM,row,Majority World (MW)
Andorra,AND,row,Majority World (MW)
Angola,AGO,row,Majority World (MW)
Anguilla,AIA,row,Majority World (MW)
Antarctica,ATA,row,Majority World (MW)
Antigua and Barbuda,ATG,row,Majority World (MW)
Argentina,ARG,row,Majority World (MW)
Armenia,ARM,row,Majority World (MW)
Aruba,ABW,row,Majority World (MW)
Australia,AUS,row,Majority World (MW)
Austria,AUT,eu30,Europe (EU30)
Azerbaijan,AZE,row,Majority World (MW)
Bahamas,BHS,row,Majority World (MW)
Bahrain,BHR,row,Majority World (MW)
Bangladesh,BGD,row,Majority World (MW)
Barbados,BRB,row,Majority World (MW)
Belarus,BLR,row,Majority World (MW)
Belgium,BEL,eu30,Europe (EU30)
Belize,BLZ,row,Majority World (MW)
Benin,BEN,row,Majority World (MW)
Bermuda,BMU,row,Majority World (MW)
Bhutan,BTN,row,Majority World (MW)
Bolivia (Plurinational State of),BOL,row,Majority World (MW)
Bonaire,BES,row,Majority World (MW)
Bosnia and Herzegovina,BIH,row,Majority World (MW)
Botswana,BWA,row,Majority World (MW)
Bouvet Island,BVT,row,Majority World (MW)
Brazil,BRA,row,Majority World (MW)
British Indian Ocean Territory,IOT,row,Majority World (MW)
Brunei Darussalam,BRN,row,Majority World (MW)
Bulgaria,BGR,eu30,Europe (EU30)
Burkina Faso,BFA,row,Majority World (MW)
Burundi,BDI,row,Majority World (MW)
Cambodia,KHM,row,Majority World (MW)
Cameroon,CMR,row,Majority World (MW)
Canada,CAN,nafta,North America (NA)
Cape Verde,CPV,row,Majority World (MW)
Cayman Islands,CYM,row,Majority World (MW)
Central African Republic,CAF,row,Majority World (MW)
Chad,TCD,row,Majority World (MW)
Chile,CHL,row,Majority World (MW)
China,CHN,china,China
Christmas Island,CXR,row,Majority World (MW)
Cocos (Keeling) Islands,CCK,row,Majority World (MW)
Colombia,COL,row,Majority World (MW)
Comoros,COM,row,Majority World (MW)
Congo,COG,row,Majority World (MW)
Cook Islands,COK,row,Majority World (MW)
Costa Rica,CRI,row,Majority World (MW)
Cote d Ivoire,CIV,row,Majority World (MW)
Croatia,HRV,eu30,Europe (EU30)
Cuba,CUB,row,Majority World (MW)
Curacao,CUW,row,Majority World (MW)
Cyprus,CYP,eu30,Europe (EU30)
Czech Republic,CZE,eu30,Europe (EU30)
Democratic People's Republic of Korea,PRK,row,Majority World (MW)
Democratic Republic of the Congo,COD,row,Majority World (MW)
Denmark,DNK,eu30,Europe (EU30)
Djibouti,DJI,row,Majority World (MW)
Dominica,DMA,row,Majority World (MW)
Dominican Republic,DOM,row,Majority World (MW)
Ecuador,ECU,row,Majority World (MW)
Egypt,EGY,row,Majority World (MW)
El Salvador,SLV,row,Majority World (MW)
Equatorial Guinea,GNQ,row,Majority World (MW)
Eritrea,ERI,row,Majority World (MW)
Estonia,EST,eu30,Europe (EU30)
Ethiopia,ETH,row,Majority World (MW)
Falkland Islands (Malvinas),FLK,row,Majority World (MW)
Faroe Islands,FRO,row,Majority World (MW)
Fiji,FJI,row,Majority World (MW)
Finland,FIN,eu30,Europe (EU30)
France,FRA,eu30,Europe (EU30)
French Guiana,GUF,row,Majority World (MW)
French Polynesia,PYF,row,Majority World (MW)
French Southern Territories,ATF,row,Majority World (MW)
Gabon,GAB,row,Majority World (MW)
Gambia,GMB,row,Majority World (MW)
Georgia,GEO,row,Majority World (MW)
Germany,DEU,eu30,Europe (EU30)
Ghana,GHA,row,Majority World (MW)
Gibraltar,GIB,row,Majority World (MW)
Greece,GRC,eu30,Europe (EU30)
Greenland,GRL,row,Majority World (MW)
Grenada,GRD,row,Majority World (MW)
Guadeloupe,GLP,row,Majority World (MW)
Guam,GUM,row,Majority World (MW)
Guatemala,GTM,row,Majority World (MW)
Guernsey,GGY,row,Majority World (MW)
Guinea,GIN,row,Majority World (MW)
Guinea-Bissau,GNB,row,Majority World (MW)
Guyana,GUY,row,Majority World (MW)
Haiti,HTI,row,Majority World (MW)
Heard Island and McDonald Islands,HMD,row,Majority World (MW)
Holy See (Vatican City State),VAT,row,Majority World (MW)
Honduras,HND,row,Majority World (MW)
Hong Kong,HKG,row,Majority World (MW)
Hungary,HUN,eu30,Europe (EU30)
Iceland,ISL,row,Majority World (MW)
India,IND,row,Majority World (MW)
Indonesia,IDN,row,Majority World (MW)
Iran (Islamic Republic of),IRN,row,Majority World (MW)
Iraq,IRQ,row,Majority World (MW)
Ireland,IRL,eu30,Europe (EU30)
Isle of Man,IMN,row,Majority World (MW)
Israel,ISR,row,Majority World (MW)
Italy,ITA,eu30,Europe (EU30)
Jamaica,JAM,row,Majority World (MW)
Japan,JPN,row,Majority World (MW)
Jersey,JEY,row,Majority World (MW)
Jordan,JOR,row,Majority World (MW)
Kazakhstan,KAZ,row,Majority World (MW)
Kenya,KEN,row,Majority World (MW)
Kiribati,KIR,row,Majority World (MW)
Kuwait,KWT,row,Majority World (MW)
Kyrgyzstan,KGZ,row,Majority World (MW)
Lao People's Democratic Republic,LAO,row,Majority World (MW)
Latvia,LVA,eu30,Europe (EU30)
Lebanon,LBN,row,Majority World (MW)
Lesotho,LSO,row,Majority World (MW)
Liberia,LBR,row,Majority World (MW)
Libya,LBY,row,Majority World (MW)
Liechtenstein,LIE,row,Majority World (MW)
Lithuania,LTU,eu30,Europe (EU30)
Luxembourg,LUX,eu30,Europe (EU30)
Macao,MAC,row,Majority World (MW)
Madagascar,MDG,row,Majority World (MW)
Malawi,MWI,row,Majority World (MW)
Malaysia,MYS,row,Majority World (MW)
Maldives,MDV,row,Majority World (MW)
Mali,MLI,row,Majority World (MW)
Malta,MLT,eu30,Europe (EU30)
Marshall Islands,MHL,row,Majority World (MW)
Martinique,MTQ,row,Majority World (MW)
Mauritania,MRT,row,Majority World (MW)
Mauritius,MUS,row,Majority World (MW)
Mayotte,MYT,row,Majority World (MW)
Mexico,MEX,nafta,North America (NA)
Micronesia (Fed. States of),FSM,row,Majority World (MW)
Monaco,MCO,row,Majority World (MW)
Mongolia,MNG,row,Majority World (MW)
Montenegro,MNE,row,Majority World (MW)
Montserrat,MSR,row,Majority World (MW)
Morocco,MAR,row,Majority World (MW)
Mozambique,MOZ,row,Majority World (MW)
Myanmar,MMR,row,Majority World (MW)
Namibia,NAM,row,Majority World (MW)
Nauru,NRU,row,Majority World (MW)
Nepal,NPL,row,Majority World (MW)
Netherlands,NLD,eu30,Europe (EU30)
New Caledonia,NCL,row,Majority World (MW)
New Zealand,NZL,row,Majority World (MW)
Nicaragua,NIC,row,Majority World (MW)
Niger,NER,row,Majority World (MW)
Nigeria,NGA,row,Majority World (MW)
Niue,NIU,row,Majority World (MW)
Norfolk Island,NFK,row,Majority World (MW)
North Macedonia,MKD,row,Majority World (MW)
Northern Mariana Islands,MNP,row,Majority World (MW)
Norway,NOR,eu30,Europe (EU30)
Oman,OMN,row,Majority World (MW)
Pakistan,PAK,row,Majority World (MW)
Palau,PLW,row,Majority World (MW)
Palestine,PSE,row,Majority World (MW)
Panama,PAN,row,Majority World (MW)
Papua New Guinea,PNG,row,Majority World (MW)
Paraguay,PRY,row,Majority World (MW)
Peru,PER,row,Majority World (MW)
Philippines,PHL,row,Majority World (MW)
Pitcairn,PCN,row,Majority World (MW)
Poland,POL,eu30,Europe (EU30)
Portugal,PRT,eu30,Europe (EU30)
Puerto Rico,PRI,row,Majority World (MW)
Qatar,QAT,row,Majority World (MW)
Republic of Korea,KOR,row,Majority World (MW)
Republic of Moldova,MDA,row,Majority World (MW)
Reunion,REU,row,Majority World (MW)
Romania,ROU,eu30,Europe (EU30)
Russian Federation,RUS,row,Majority World (MW)
Rwanda,RWA,row,Majority World (MW)
Saint Barthelemy,BLM,row,Majority World (MW)
Saint Helena,SHN,row,Majority World (MW)
Saint Kitts and Nevis,KNA,row,Majority World (MW)
Saint Lucia,LCA,row,Majority World (MW)
Saint Martin (French part),MAF,row,Majority World (MW)
Saint Pierre and Miquelon,SPM,row,Majority World (MW)
Saint Vincent and the Grenadines,VCT,row,Majority World (MW)
Samoa,WSM,row,Majority World (MW)
San Marino,SMR,row,Majority World (MW)
Sao Tome and Principe,STP,row,Majority World (MW)
Saudi Arabia,SAU,row,Majority World (MW)
Senegal,SEN,row,Majority World (MW)
Serbia,SRB,row,Majority World (MW)
Seychelles,SYC,row,Majority World (MW)
Sierra Leone,SLE,row,Majority World (MW)
Singapore,SGP,row,Majority World (MW)
Sint Maarten (Dutch part),SXM,row,Majority World (MW)
Slovakia,SVK,eu30,Europe (EU30)
Slovenia,SVN,eu30,Europe (EU30)
Solomon Islands,SLB,row,Majority World (MW)
Somalia,SOM,row,Majority World (MW)
South Africa,ZAF,row,Majority World (MW)
South Georgia and the South Sandwich Islands,SGS,row,Majority World (MW)
South Sudan,SSD,row,Majority World (MW)
Spain,ESP,eu30,Europe (EU30)
Sri Lanka,LKA,row,Majority World (MW)
Sudan,SDN,row,Majority World (MW)
Suriname,SUR,row,Majority World (MW)
Svalbard and Jan Mayen,SJM,row,Majority World (MW)
Swaziland,SWZ,row,Majority World (MW)
Sweden,SWE,eu30,Europe (EU30)
Switzerland,CHE,eu30,Europe (EU30)
Syrian Arab Republic,SYR,row,Majority World (MW)
Taiwan,TWN,row,Majority World (MW)
Tajikistan,TJK,row,Majority World (MW)
Thailand,THA,row,Majority World (MW)
Timor-Leste,TLS,row,Majority World (MW)
Togo,TGO,row,Majority World (MW)
Tokelau,TKL,row,Majority World (MW)
Tonga,TON,row,Majority World (MW)
Trinidad and Tobago,TTO,row,Majority World (MW)
Tunisia,TUN,row,Majority World (MW)
Turkey,TUR,row,Majority World (MW)
Turkmenistan,TKM,row,Majority World (MW)
Turks and Caicos Islands,TCA,row,Majority World (MW)
Tuvalu,TUV,row,Majority World (MW)
Uganda,UGA,row,Majority World (MW)
Ukraine,UKR,row,Majority World (MW)
United Arab Emirates,ARE,row,Majority World (MW)
United Kingdom,GBR,eu30,Europe (EU30)
United Republic of Tanzania,TZA,row,Majority World (MW)
United States Minor Outlying Islands,UMI,row,Majority World (MW)
United States of America,USA,nafta,North America (NA)
United States Virgin Islands,VIR,row,Majority World (MW)
Uruguay,URY,row,Majority World (MW)
Uzbekistan,UZB,row,Majority World (MW)
Vanuatu,VUT,row,Majority World (MW)
Venezuela (Bolivarian Republic of),VEN,row,Majority World (MW)
Viet Nam,VNM,row,Majority World (MW)
Virgin Islands (British),VGB,row,Majority World (MW)
Wallis and Futuna,WLF,row,Majority World (MW)
Western Sahara,ESH,row,Majority World (MW)
Yemen,YEM,row,Majority World (MW)
Zambia,ZMB,row,Majority World (MW)
Zimbabwe,ZWE,row,Majority World (MW)
